{
  "02_categories" : {
    "transaction" : "02_categories",
    "sampleCount" : 30,
    "errorCount" : 0,
    "errorPct" : 0.0,
    "meanResTime" : 7.2333333333333325,
    "medianResTime" : 7.0,
    "minResTime" : 4.0,
    "maxResTime" : 14.0,
    "pct1ResTime" : 11.900000000000002,
    "pct2ResTime" : 13.45,
    "pct3ResTime" : 14.0,
    "throughput" : 7.055503292568203,
    "receivedKBytesPerSec" : 3.4588502469426152,
    "sentKBytesPerSec" : 1.2402251881467545
  },
  "04_foods" : {
    "transaction" : "04_foods",
    "sampleCount" : 30,
    "errorCount" : 0,
    "errorPct" : 0.0,
    "meanResTime" : 7.033333333333334,
    "medianResTime" : 6.0,
    "minResTime" : 5.0,
    "maxResTime" : 15.0,
    "pct1ResTime" : 10.900000000000002,
    "pct2ResTime" : 13.349999999999998,
    "pct3ResTime" : 15.0,
    "throughput" : 7.085498346717053,
    "receivedKBytesPerSec" : 5.215867825932924,
    "sentKBytesPerSec" : 1.2247394603212092
  },
  "03_business_detail" : {
    "transaction" : "03_business_detail",
    "sampleCount" : 30,
    "errorCount" : 0,
    "errorPct" : 0.0,
    "meanResTime" : 6.866666666666667,
    "medianResTime" : 6.0,
    "minResTime" : 5.0,
    "maxResTime" : 15.0,
    "pct1ResTime" : 12.800000000000004,
    "pct2ResTime" : 13.899999999999999,
    "pct3ResTime" : 15.0,
    "throughput" : 7.0688030160226205,
    "receivedKBytesPerSec" : 3.4483425129594725,
    "sentKBytesPerSec" : 1.180434878652215
  },
  "Total" : {
    "transaction" : "Total",
    "sampleCount" : 210,
    "errorCount" : 0,
    "errorPct" : 0.0,
    "meanResTime" : 10.452380952380954,
    "medianResTime" : 6.0,
    "minResTime" : 4.0,
    "maxResTime" : 225.0,
    "pct1ResTime" : 11.0,
    "pct2ResTime" : 13.0,
    "pct3ResTime" : 196.55999999999995,
    "throughput" : 46.56319290465632,
    "receivedKBytesPerSec" : 22.53022796563193,
    "sentKBytesPerSec" : 8.483751385809313
  },
  "01_login" : {
    "transaction" : "01_login",
    "sampleCount" : 30,
    "errorCount" : 0,
    "errorPct" : 0.0,
    "meanResTime" : 14.233333333333336,
    "medianResTime" : 6.0,
    "minResTime" : 5.0,
    "maxResTime" : 225.0,
    "pct1ResTime" : 11.900000000000002,
    "pct2ResTime" : 109.49999999999986,
    "pct3ResTime" : 225.0,
    "throughput" : 6.70391061452514,
    "receivedKBytesPerSec" : 2.1931738826815645,
    "sentKBytesPerSec" : 1.5057611731843576
  },
  "06_address_query" : {
    "transaction" : "06_address_query",
    "sampleCount" : 30,
    "errorCount" : 0,
    "errorPct" : 0.0,
    "meanResTime" : 19.066666666666666,
    "medianResTime" : 6.0,
    "minResTime" : 5.0,
    "maxResTime" : 197.0,
    "pct1ResTime" : 12.800000000000004,
    "pct2ResTime" : 194.8,
    "pct3ResTime" : 197.0,
    "throughput" : 7.394626571358146,
    "receivedKBytesPerSec" : 4.034307986196697,
    "sentKBytesPerSec" : 1.307058017007641
  },
  "05_cart_query" : {
    "transaction" : "05_cart_query",
    "sampleCount" : 30,
    "errorCount" : 0,
    "errorPct" : 0.0,
    "meanResTime" : 12.300000000000002,
    "medianResTime" : 6.0,
    "minResTime" : 4.0,
    "maxResTime" : 173.0,
    "pct1ResTime" : 11.900000000000002,
    "pct2ResTime" : 85.54999999999988,
    "pct3ResTime" : 173.0,
    "throughput" : 7.100591715976331,
    "receivedKBytesPerSec" : 3.5040680473372783,
    "sentKBytesPerSec" : 1.324426775147929
  },
  "07_loadbalance_health" : {
    "transaction" : "07_loadbalance_health",
    "sampleCount" : 30,
    "errorCount" : 0,
    "errorPct" : 0.0,
    "meanResTime" : 6.433333333333334,
    "medianResTime" : 6.0,
    "minResTime" : 4.0,
    "maxResTime" : 10.0,
    "pct1ResTime" : 9.0,
    "pct2ResTime" : 9.45,
    "pct3ResTime" : 10.0,
    "throughput" : 7.759958613554061,
    "receivedKBytesPerSec" : 2.379518559234351,
    "sentKBytesPerSec" : 1.3337428867046042
  }
}