{
  "02_categories" : {
    "transaction" : "02_categories",
    "sampleCount" : 30,
    "errorCount" : 0,
    "errorPct" : 0.0,
    "meanResTime" : 8.466666666666665,
    "medianResTime" : 6.0,
    "minResTime" : 3.0,
    "maxResTime" : 40.0,
    "pct1ResTime" : 29.60000000000005,
    "pct2ResTime" : 35.599999999999994,
    "pct3ResTime" : 40.0,
    "throughput" : 6.906077348066298,
    "receivedKBytesPerSec" : 3.385596512430939,
    "sentKBytesPerSec" : 1.2139589088397789
  },
  "04_foods" : {
    "transaction" : "04_foods",
    "sampleCount" : 30,
    "errorCount" : 0,
    "errorPct" : 0.0,
    "meanResTime" : 6.566666666666667,
    "medianResTime" : 6.0,
    "minResTime" : 4.0,
    "maxResTime" : 24.0,
    "pct1ResTime" : 8.0,
    "pct2ResTime" : 15.199999999999989,
    "pct3ResTime" : 24.0,
    "throughput" : 7.230657989877079,
    "receivedKBytesPerSec" : 5.321312364425163,
    "sentKBytesPerSec" : 1.2498305314533622
  },
  "03_business_detail" : {
    "transaction" : "03_business_detail",
    "sampleCount" : 30,
    "errorCount" : 0,
    "errorPct" : 0.0,
    "meanResTime" : 11.433333333333332,
    "medianResTime" : 6.0,
    "minResTime" : 3.0,
    "maxResTime" : 172.0,
    "pct1ResTime" : 8.0,
    "pct2ResTime" : 82.34999999999988,
    "pct3ResTime" : 172.0,
    "throughput" : 6.950880444856348,
    "receivedKBytesPerSec" : 3.39081687326228,
    "sentKBytesPerSec" : 1.1607427305375349
  },
  "Total" : {
    "transaction" : "Total",
    "sampleCount" : 210,
    "errorCount" : 0,
    "errorPct" : 0.0,
    "meanResTime" : 8.538095238095247,
    "medianResTime" : 6.0,
    "minResTime" : 3.0,
    "maxResTime" : 172.0,
    "pct1ResTime" : 8.0,
    "pct2ResTime" : 14.0,
    "pct3ResTime" : 124.39999999999918,
    "throughput" : 46.58385093167701,
    "receivedKBytesPerSec" : 21.05501677573203,
    "sentKBytesPerSec" : 8.487515250665483
  },
  "01_login" : {
    "transaction" : "01_login",
    "sampleCount" : 30,
    "errorCount" : 0,
    "errorPct" : 0.0,
    "meanResTime" : 10.900000000000002,
    "medianResTime" : 6.5,
    "minResTime" : 4.0,
    "maxResTime" : 131.0,
    "pct1ResTime" : 9.800000000000004,
    "pct2ResTime" : 65.54999999999991,
    "pct3ResTime" : 131.0,
    "throughput" : 6.699419383653417,
    "receivedKBytesPerSec" : 2.1917045835194284,
    "sentKBytesPerSec" : 1.5047524006252793
  },
  "06_address_query" : {
    "transaction" : "06_address_query",
    "sampleCount" : 30,
    "errorCount" : 0,
    "errorPct" : 0.0,
    "meanResTime" : 10.200000000000001,
    "medianResTime" : 6.5,
    "minResTime" : 3.0,
    "maxResTime" : 71.0,
    "pct1ResTime" : 13.50000000000001,
    "pct2ResTime" : 63.29999999999999,
    "pct3ResTime" : 71.0,
    "throughput" : 7.285089849441476,
    "receivedKBytesPerSec" : 3.9745477173385133,
    "sentKBytesPerSec" : 1.2876965456532297
  },
  "05_cart_query" : {
    "transaction" : "05_cart_query",
    "sampleCount" : 30,
    "errorCount" : 0,
    "errorPct" : 0.0,
    "meanResTime" : 6.699999999999999,
    "medianResTime" : 6.0,
    "minResTime" : 4.0,
    "maxResTime" : 21.0,
    "pct1ResTime" : 8.900000000000002,
    "pct2ResTime" : 17.149999999999995,
    "pct3ResTime" : 21.0,
    "throughput" : 7.267441860465116,
    "receivedKBytesPerSec" : 1.9658998001453487,
    "sentKBytesPerSec" : 1.3555482376453487
  },
  "07_loadbalance_health" : {
    "transaction" : "07_loadbalance_health",
    "sampleCount" : 30,
    "errorCount" : 0,
    "errorPct" : 0.0,
    "meanResTime" : 5.499999999999999,
    "medianResTime" : 5.5,
    "minResTime" : 4.0,
    "maxResTime" : 8.0,
    "pct1ResTime" : 7.0,
    "pct2ResTime" : 7.449999999999999,
    "pct3ResTime" : 8.0,
    "throughput" : 7.40557886941496,
    "receivedKBytesPerSec" : 2.2708513330041966,
    "sentKBytesPerSec" : 1.272833868180696
  }
}